seed,stage,gpu_hours,cumulative
42,probe,1.823,1.823
42,S1,0.578,2.401
123,S1,0.536,2.937
7,S1,0.395,3.332
42,S2,1.343,4.675
123,S2,1.398,6.073
7,S2,1.405,7.477
42,exp001_mech,4.049,11.526
123,exp001_mech,4.068,15.594
7,exp001_mech,4.048,19.642
42,exp001_control,1.350,20.992
123,exp001_control,1.401,22.393
7,exp001_control,0.728,23.121
1000,exp000_sealed,1.374,24.495
2000,exp000_sealed,1.387,25.882
1000,exp001_mech_p11,4.046,29.927
2000,exp001_mech_p11,4.040,33.967
42,exp002_mech,0.891,34.858
42,exp003_mech,0.727,35.585
123,exp003_mech,0.728,36.313
7,exp003_mech,0.729,37.042
